objectID,isHighlight,accessionNumber,accessionYear,isPublicDomain,primaryImage,primaryImageSmall,additionalImages,constituents,department,objectName,title,culture,period,dynasty,reign,portfolio,artistRole,artistPrefix,artistDisplayName,artistDisplayBio,artistSuffix,artistAlphaSort,artistNationality,artistBeginDate,artistEndDate,artistGender,artistWikidata_URL,artistULAN_URL,objectDate,objectBeginDate,objectEndDate,medium,dimensions,measurements,creditLine,geographyType,city,state,county,country,region,subregion,locale,locus,excavation,river,classification,rightsAndReproduction,linkResource,metadataDate,repository,objectURL,tags,objectWikidata_URL,isTimelineWork,GalleryNumber
254901,False,56.171.43,1956,False,,,[],"[{'constituentID': 49020, 'role': 'Artist', 'name': 'Attributed to the manner of the Pig Painter', 'constituentULAN_URL': 'http://vocab.getty.edu/page/ulan/500076662', 'constituentWikidata_URL': 'https://www.wikidata.org/wiki/Q24937935', 'gender': ''}]",Greek and Roman Art,Pelike,Terracotta pelike (jar),"Greek, Attic",Classical,,,,Artist,Attributed to the manner of the,Pig Painter,,,Pig Painter,,,,,https://www.wikidata.org/wiki/Q24937935,http://vocab.getty.edu/page/ulan/500076662,ca. 480 BCE,-480,-480,Terracotta,"H. 12 3/16 in. (30.9 cm)
diameter of mouth  5 1/8 in. (13 cm)
diameter of foot  5 3/8 in. (13.7 cm)","[{'elementName': 'Other', 'elementDescription': 'diameter of foot', 'elementMeasurements': {'Diameter': 13.69}}, {'elementName': 'Other', 'elementDescription': 'diameter of mouth', 'elementMeasurements': {'Diameter': 13}}, {'elementName': 'Overall', 'elementDescription': None, 'elementMeasurements': {'Height': 30.91}}]","Fletcher Fund, 1956",,,,,,,,,,,,Vases,,,2023-02-07T04:46:51.34Z,"Metropolitan Museum of Art, New York, NY",https://www.metmuseum.org/art/collection/search/254901,,https://www.wikidata.org/wiki/Q116405344,False,157
247316,False,06.1021.152,1906,True,https://images.metmuseum.org/CRDImages/gr/original/DP118140.jpg,https://images.metmuseum.org/CRDImages/gr/web-large/DP118140.jpg,['https://images.metmuseum.org/CRDImages/gr/original/DP145987.jpg'],"[{'constituentID': 49020, 'role': 'Artist', 'name': 'Attributed to the Pig Painter', 'constituentULAN_URL': 'http://vocab.getty.edu/page/ulan/500076662', 'constituentWikidata_URL': 'https://www.wikidata.org/wiki/Q24937935', 'gender': ''}]",Greek and Roman Art,Column-krater,Terracotta column-krater (bowl for mixing wine and water),"Greek, Attic",Classical,,,,Artist,Attributed to the,Pig Painter,,,Pig Painter,,,,,https://www.wikidata.org/wiki/Q24937935,http://vocab.getty.edu/page/ulan/500076662,ca. 475–465 BCE,-475,-465,Terracotta,"H. 17 in. (43.2 cm)
diameter  13 11/16 in. (34.7 cm)","[{'elementName': 'Other', 'elementDescription': None, 'elementMeasurements': {'Diameter': 34.7}}, {'elementName': 'Overall', 'elementDescription': None, 'elementMeasurements': {'Height': 43.21}}]","Rogers Fund, 1906",,,,,,,,,,,,Vases,,,2023-09-16T04:54:53.55Z,"Metropolitan Museum of Art, New York, NY",https://www.metmuseum.org/art/collection/search/247316,"[{'term': 'Maenads', 'AAT_URL': None, 'Wikidata_URL': 'https://www.wikidata.org/wiki/Q209599'}, {'term': 'Satyrs', 'AAT_URL': 'http://vocab.getty.edu/page/aat/300379732', 'Wikidata_URL': 'https://www.wikidata.org/wiki/Q163709'}]",https://www.wikidata.org/wiki/Q116294117,False,171
254258,False,41.162.86,1941,True,https://images.metmuseum.org/CRDImages/gr/original/DP161850.jpg,https://images.metmuseum.org/CRDImages/gr/web-large/DP161850.jpg,"['https://images.metmuseum.org/CRDImages/gr/original/DP161851.jpg', 'https://images.metmuseum.org/CRDImages/gr/original/DP104583.jpg', 'https://images.metmuseum.org/CRDImages/gr/original/DP104982.jpg']","[{'constituentID': 49020, 'role': 'Artist', 'name': 'Attributed to the Pig Painter', 'constituentULAN_URL': 'http://vocab.getty.edu/page/ulan/500076662', 'constituentWikidata_URL': 'https://www.wikidata.org/wiki/Q24937935', 'gender': ''}]",Greek and Roman Art,Column-krater,Terracotta column-krater (bowl for mixing wine and water),"Greek, Attic",Classical,,,,Artist,Attributed to the,Pig Painter,,,Pig Painter,,,,,https://www.wikidata.org/wiki/Q24937935,http://vocab.getty.edu/page/ulan/500076662,ca. 475–465 BCE,-475,-465,Terracotta,H. 16 1/4 in. ( 41.3 cm); width  15 15/16 in. (40.5 cm),"[{'elementName': 'Other', 'elementDescription': 'width with handles', 'elementMeasurements': {'Width': 40.49}}, {'elementName': 'Other', 'elementDescription': None, 'elementMeasurements': {'Diameter': 34.39}}, {'elementName': 'Overall', 'elementDescription': None, 'elementMeasurements': {'Height': 41.3, 'Width': 40.49}}]","Rogers Fund, 1941",,,,,,,,,,,,Vases,,,2023-09-16T04:54:53.55Z,"Metropolitan Museum of Art, New York, NY",https://www.metmuseum.org/art/collection/search/254258,"[{'term': 'Boys', 'AAT_URL': 'http://vocab.getty.edu/page/aat/300247598', 'Wikidata_URL': 'https://www.wikidata.org/wiki/Q3010'}, {'term': 'Men', 'AAT_URL': 'http://vocab.getty.edu/page/aat/300025928', 'Wikidata_URL': 'https://www.wikidata.org/wiki/Q8441'}, {'term': 'Lyres', 'AAT_URL': 'http://vocab.getty.edu/page/aat/300042114', 'Wikidata_URL': 'https://www.wikidata.org/wiki/Q201129'}]",https://www.wikidata.org/wiki/Q116288729,False,684
254905,False,56.171.47,1956,False,,,[],"[{'constituentID': 49020, 'role': 'Artist', 'name': 'Attributed to the Pig Painter', 'constituentULAN_URL': 'http://vocab.getty.edu/page/ulan/500076662', 'constituentWikidata_URL': 'https://www.wikidata.org/wiki/Q24937935', 'gender': ''}]",Greek and Roman Art,Column-krater,Terracotta column-krater (bowl for mixing wine and water),"Greek, Attic",Classical,,,,Artist,Attributed to the,Pig Painter,,,Pig Painter,,,,,https://www.wikidata.org/wiki/Q24937935,http://vocab.getty.edu/page/ulan/500076662,ca. 480 BCE,-480,-480,Terracotta,Overall: 16 1/16 x 15 7/16in. (40.8 x 39.3cm),"[{'elementName': 'Overall', 'elementDescription': None, 'elementMeasurements': {'Height': 40.79, 'Width': 39.29}}]","Fletcher Fund, 1956",,,,,,,,,,,,Vases,,,2023-02-07T04:46:51.34Z,"Metropolitan Museum of Art, New York, NY",https://www.metmuseum.org/art/collection/search/254905,,https://www.wikidata.org/wiki/Q116405357,False,157
254898,False,56.171.40,1956,False,,,[],"[{'constituentID': 49020, 'role': 'Artist', 'name': 'Attributed to the Pig Painter', 'constituentULAN_URL': 'http://vocab.getty.edu/page/ulan/500076662', 'constituentWikidata_URL': 'https://www.wikidata.org/wiki/Q24937935', 'gender': ''}]",Greek and Roman Art,Neck-amphora,Terracotta neck-amphora (jar),"Greek, Attic",Archaic,,,,Artist,Attributed to the,Pig Painter,,,Pig Painter,,,,,https://www.wikidata.org/wiki/Q24937935,http://vocab.getty.edu/page/ulan/500076662,ca. 490 BCE,-490,-490,Terracotta,"H. 24 in. (61 cm)
diameter of mouth  5 1/16 in. (12.8 cm)
diameter of foot  4 15/16 in. (12.5 cm)","[{'elementName': 'Other', 'elementDescription': 'diameter of mouth', 'elementMeasurements': {'Diameter': 12.8}}, {'elementName': 'Overall', 'elementDescription': None, 'elementMeasurements': {'Height': 60.96}}, {'elementName': 'Other', 'elementDescription': 'diameter of foot', 'elementMeasurements': {'Diameter': 12.5}}]","Fletcher Fund, 1956",,,,,,,,,,,,Vases,,,2023-09-16T04:54:53.55Z,"Metropolitan Museum of Art, New York, NY",https://www.metmuseum.org/art/collection/search/254898,,https://www.wikidata.org/wiki/Q116405337,False,157
555624,False,90.6.248,1890,False,,,[],,Egyptian Art,"Amulet, pig",Pig  Amulet,,Late Period,,,,,,,,,,,,,,,,522–343 B.C.,-522,-343,Faience,L. 1.9 cm (3/4 in.),"[{'elementName': 'Overall', 'elementDescription': None, 'elementMeasurements': {'Length': 1.9}}]","Gift of James Douglas, 1890",From,,,,Egypt,,,,,,,,,,2023-02-07T04:46:51.34Z,"Metropolitan Museum of Art, New York, NY",https://www.metmuseum.org/art/collection/search/555624,,https://www.wikidata.org/wiki/Q116430982,False,130
561223,False,O.C.2909,,False,,,[],,Egyptian Art,"Amulet, pig (?)",Pig Amulet ?,,Late Period,Dynasty 26–30,,,,,,,,,,,,,,,664–332 B.C.,-664,-343,Blue pottery,L. 1.3 cm (1/2 in.),"[{'elementName': 'Overall', 'elementDescription': None, 'elementMeasurements': {'Length': 1.2700025}}]","Gift of Joseph W. Drexel, 1889",From,,,,Egypt,"Upper Egypt, Thebes",,,,MMA excavations,,,,,2023-02-07T04:46:51.34Z,"Metropolitan Museum of Art, New York, NY",https://www.metmuseum.org/art/collection/search/561223,,https://www.wikidata.org/wiki/Q116438234,False,130
555327,False,15.3.523,1915,False,,,[],,Egyptian Art,"Amulet, pig",Pig amulet,,Late Period,Dynasty 26–30,,,,,,,,,,,,,,,664–332 B.C.,-664,-343,Blue faience,L. 2 cm (13/16 in.),"[{'elementName': 'Overall', 'elementDescription': None, 'elementMeasurements': {'Length': 2}}]","Rogers Fund, 1915",From,,,,Egypt,Memphite Region,Lisht North,Cemetery,,MMA excavations,,,,,2023-02-07T04:46:51.34Z,"Metropolitan Museum of Art, New York, NY",https://www.metmuseum.org/art/collection/search/555327,,https://www.wikidata.org/wiki/Q116429689,False,130
555391,False,O.C.2908,,False,,,[],,Egyptian Art,"Amulet, pig",Pig Amulet,,Late Period,Dynasty 26–30,,,,,,,,,,,,,,,664–332 B.C.,-664,-343,White pottery,L. 1.1 cm (7/16 in.),"[{'elementName': 'Overall', 'elementDescription': None, 'elementMeasurements': {'Length': 1.1112522}}]","Gift of Joseph W. Drexel, 1889",From,,,,Egypt,,,,,,,,,,2023-02-07T04:46:51.34Z,"Metropolitan Museum of Art, New York, NY",https://www.metmuseum.org/art/collection/search/555391,,https://www.wikidata.org/wiki/Q116430047,False,130
240421,False,74.51.833,1874,True,https://images.metmuseum.org/CRDImages/gr/original/DP101407.jpg,https://images.metmuseum.org/CRDImages/gr/web-large/DP101407.jpg,['https://images.metmuseum.org/CRDImages/gr/original/DP101852.jpg'],,Greek and Roman Art,Rattle in the form of a pig,Terracotta rattle in the form of a pig,Cypriot,Hellenistic,,,,,,,,,,,,,,,,3rd–2nd century BCE,-299,-100,Terracotta,"H.: 3 in. (7.6 cm)
Other: 4 5/8 in. (11.7 cm)","[{'elementName': 'Other', 'elementDescription': None, 'elementMeasurements': {'Length': 11.747523}}, {'elementName': 'Height', 'elementDescription': None, 'elementMeasurements': {'Height': 7.620015}}]","The Cesnola Collection, Purchased by subscription, 1874–76",,,,,,,,,,,,Terracottas,,,2023-09-16T04:54:53.55Z,"Metropolitan Museum of Art, New York, NY",https://www.metmuseum.org/art/collection/search/240421,"[{'term': 'Pigs', 'AAT_URL': 'http://vocab.getty.edu/page/aat/300250114', 'Wikidata_URL': 'https://www.wikidata.org/wiki/Q58697'}]",https://www.wikidata.org/wiki/Q116296520,False,171
566860,False,21.6.68,1921,False,,,[],,Egyptian Art,"Amulet, pig",Sow Amulet,,Late Period,,,,,,,,,,,,,,,,522–343 B.C.,-522,-343,Pale blue faience,L. 1 cm (3/8 in.),"[{'elementName': 'Overall', 'elementDescription': None, 'elementMeasurements': {'Length': 1}}]","Gift of Lily S. Place, 1921",From,,,,Egypt,,,,,,,,,,2023-02-07T04:46:51.34Z,"Metropolitan Museum of Art, New York, NY",https://www.metmuseum.org/art/collection/search/566860,,https://www.wikidata.org/wiki/Q116439897,False,130
566861,False,21.6.69,1921,False,,,[],,Egyptian Art,"Amulet, pig",Sow Amulet,,Late Period,,,,,,,,,,,,,,,,522–343 B.C.,-522,-343,Blue faience,L. 1.3 cm (1/2 in.),"[{'elementName': 'Overall', 'elementDescription': None, 'elementMeasurements': {'Length': 1.3}}]","Gift of Lily S. Place, 1921",From,,,,Egypt,,,,,,,,,,2023-02-07T04:46:51.34Z,"Metropolitan Museum of Art, New York, NY",https://www.metmuseum.org/art/collection/search/566861,,https://www.wikidata.org/wiki/Q116439898,False,130
255289,False,69.57,1969,True,https://images.metmuseum.org/CRDImages/gr/original/DP1853.jpg,https://images.metmuseum.org/CRDImages/gr/web-large/DP1853.jpg,[],,Greek and Roman Art,Vase in the form of a pig,Terracotta vase in the form of a pig,"Greek, probably Corinthian",Archaic,,,,,,,,,,,,,,,,6th century BCE,-599,-500,Terracotta,Overall: 2 1/8 x 1 11/16 x 3 3/4 in. (5.4 x 4.3 x 9.6 cm),"[{'elementName': 'Overall', 'elementDescription': None, 'elementMeasurements': {'Height': 5.44, 'Length': 9.6, 'Width': 4.32}}]","Gift of J. J. Klejman, 1969",,,,,,,,,,,,Vases,,,2023-02-07T04:46:51.34Z,"Metropolitan Museum of Art, New York, NY",https://www.metmuseum.org/art/collection/search/255289,"[{'term': 'Pigs', 'AAT_URL': 'http://vocab.getty.edu/page/aat/300250114', 'Wikidata_URL': 'https://www.wikidata.org/wiki/Q58697'}]",https://www.wikidata.org/wiki/Q116288019,False,171
247510,False,06.1092,1906,True,https://images.metmuseum.org/CRDImages/gr/original/DP249187.jpg,https://images.metmuseum.org/CRDImages/gr/web-large/DP249187.jpg,['https://images.metmuseum.org/CRDImages/gr/original/DP20394.jpg'],,Greek and Roman Art,Statuette of a youth with pig,Bronze statuette of a youth carrying a pig,Etruscan,Classical,,,,,,,,,,,,,,,,early 5th century BCE,-499,-475,Bronze,H.: 3 3/8 x 4 3/8 in. (8.6 x 11.1 cm),"[{'elementName': 'Height', 'elementDescription': None, 'elementMeasurements': {'Height': 8.572517, 'Width': 11.112522}}]","Rogers Fund, 1906",,,,,,,,,,,,Bronzes,,,2023-09-16T04:54:53.55Z,"Metropolitan Museum of Art, New York, NY",https://www.metmuseum.org/art/collection/search/247510,"[{'term': 'Male Nudes', 'AAT_URL': 'http://vocab.getty.edu/page/aat/300189568', 'Wikidata_URL': 'https://www.wikidata.org/wiki/Q40446'}, {'term': 'Pigs', 'AAT_URL': 'http://vocab.getty.edu/page/aat/300250114', 'Wikidata_URL': 'https://www.wikidata.org/wiki/Q58697'}]",https://www.wikidata.org/wiki/Q116289993,False,170
250257,False,17.194.1893,1917,True,https://images.metmuseum.org/CRDImages/gr/original/DP2031.jpg,https://images.metmuseum.org/CRDImages/gr/web-large/DP2031.jpg,[],,Greek and Roman Art,Rattle in the form of a pig,Terracotta rattle in the form of a pig,Roman,Mid-Imperial,,,,,,,,,,,,,,,,2nd century CE,100,199,"Terracotta, glass",H. 3 1/2 in. (8.9 cm); length  3 1/2 in. (8.9 cm),"[{'elementName': 'Other', 'elementDescription': None, 'elementMeasurements': {'Length': 8.89}}, {'elementName': 'Overall', 'elementDescription': None, 'elementMeasurements': {'Height': 8.89}}]","Gift of J. Pierpont Morgan, 1917",,,,,,,,,,,,Terracottas,,,2023-06-27T04:56:44.237Z,"Metropolitan Museum of Art, New York, NY",https://www.metmuseum.org/art/collection/search/250257,"[{'term': 'Pigs', 'AAT_URL': 'http://vocab.getty.edu/page/aat/300250114', 'Wikidata_URL': 'https://www.wikidata.org/wiki/Q58697'}]",https://www.wikidata.org/wiki/Q116288059,False,171
49381,False,2000.662.7a–l,2000,True,https://images.metmuseum.org/CRDImages/as/original/LC-2000_662_7al_027-1.jpg,https://images.metmuseum.org/CRDImages/as/web-large/LC-2000_662_7al_027-1.jpg,"['https://images.metmuseum.org/CRDImages/as/original/LC-2000_662_7al_037.jpg', 'https://images.metmuseum.org/CRDImages/as/original/LC-2000_662_7al_038.jpg', 'https://images.metmuseum.org/CRDImages/as/original/LC-2000_662_7al_039.jpg', 'https://images.metmuseum.org/CRDImages/as/original/LC-2000_662_7al_040.jpg', 'https://images.metmuseum.org/CRDImages/as/original/LC-2000_662_7al_041.jpg', 'https://images.metmuseum.org/CRDImages/as/original/LC-2000_662_7al_042.jpg', 'https://images.metmuseum.org/CRDImages/as/original/LC-2000_662_7al_043.jpg', 'https://images.metmuseum.org/CRDImages/as/original/LC-2000_662_7al_044.jpg', 'https://images.metmuseum.org/CRDImages/as/original/LC-2000_662_7al_045.jpg', 'https://images.metmuseum.org/CRDImages/as/original/LC-2000_662_7al_046.jpg', 'https://images.metmuseum.org/CRDImages/as/original/LC-2000_662_7al_047.jpg', 'https://images.metmuseum.org/CRDImages/as/original/LC-2000_662_7al_048.jpg', 'https://images.metmuseum.org/CRDImages/as/original/LC-2000_662_7al_025.jpg', 'https://images.metmuseum.org/CRDImages/as/original/LC-2000_662_7al_026.jpg', 'https://images.metmuseum.org/CRDImages/as/original/LC-2000_662_7al_027.jpg', 'https://images.metmuseum.org/CRDImages/as/original/LC-2000_662_7al_028.jpg', 'https://images.metmuseum.org/CRDImages/as/original/LC-2000_662_7al_013.jpg', 'https://images.metmuseum.org/CRDImages/as/original/LC-2000_662_7al_014.jpg', 'https://images.metmuseum.org/CRDImages/as/original/LC-2000_662_7al_015.jpg', 'https://images.metmuseum.org/CRDImages/as/original/LC-2000_662_7al_016.jpg', 'https://images.metmuseum.org/CRDImages/as/original/LC-2000_662_7al_009.jpg', 'https://images.metmuseum.org/CRDImages/as/original/LC-2000_662_7al_010.jpg', 'https://images.metmuseum.org/CRDImages/as/original/LC-2000_662_7al_011.jpg', 'https://images.metmuseum.org/CRDImages/as/original/LC-2000_662_7al_012.jpg', 'https://images.metmuseum.org/CRDImages/as/original/LC-2000_662_7al_005.jpg', 'https://images.metmuseum.org/CRDImages/as/original/LC-2000_662_7al_006.jpg', 'https://images.metmuseum.org/CRDImages/as/original/LC-2000_662_7al_007.jpg', 'https://images.metmuseum.org/CRDImages/as/original/LC-2000_662_7al_008.jpg', 'https://images.metmuseum.org/CRDImages/as/original/LC-2000_662_7al_001.jpg', 'https://images.metmuseum.org/CRDImages/as/original/LC-2000_662_7al_002.jpg', 'https://images.metmuseum.org/CRDImages/as/original/LC-2000_662_7al_003.jpg', 'https://images.metmuseum.org/CRDImages/as/original/LC-2000_662_7al_004.jpg', 'https://images.metmuseum.org/CRDImages/as/original/LC-2000_662_7al_021.jpg', 'https://images.metmuseum.org/CRDImages/as/original/LC-2000_662_7al_022.jpg', 'https://images.metmuseum.org/CRDImages/as/original/LC-2000_662_7al_023.jpg', 'https://images.metmuseum.org/CRDImages/as/original/LC-2000_662_7al_024.jpg', 'https://images.metmuseum.org/CRDImages/as/original/LC-2000_662_7al_033.jpg', 'https://images.metmuseum.org/CRDImages/as/original/LC-2000_662_7al_034.jpg', 'https://images.metmuseum.org/CRDImages/as/original/LC-2000_662_7al_035.jpg', 'https://images.metmuseum.org/CRDImages/as/original/LC-2000_662_7al_036.jpg', 'https://images.metmuseum.org/CRDImages/as/original/LC-2000_662_7al_029.jpg', 'https://images.metmuseum.org/CRDImages/as/original/LC-2000_662_7al_030.jpg', 'https://images.metmuseum.org/CRDImages/as/original/LC-2000_662_7al_031.jpg', 'https://images.metmuseum.org/CRDImages/as/original/LC-2000_662_7al_032.jpg', 'https://images.metmuseum.org/CRDImages/as/original/LC-2000_662_7al_017.jpg', 'https://images.metmuseum.org/CRDImages/as/original/LC-2000_662_7al_018.jpg', 'https://images.metmuseum.org/CRDImages/as/original/LC-2000_662_7al_019.jpg', 'https://images.metmuseum.org/CRDImages/as/original/LC-2000_662_7al_020.jpg']",,Asian Art,Figures,Set of twelve zodiac animals,China,Tang dynasty (618–907),,,,,,,,,,,,,,,,8th century,700,799,Earthenware with white slip,Each approx. H. 12 in. (30.5 cm); W. 4 in. (10.2 cm),"[{'elementName': 'Overall', 'elementDescription': None, 'elementMeasurements': {'Height': 30.5, 'Width': 10.2}}]","Gift of Charlotte C. Weber, 2000",,,,,,,,,,,,Ceramics,,,2024-04-17T04:52:44.243Z,"Metropolitan Museum of Art, New York, NY",https://www.metmuseum.org/art/collection/search/49381,"[{'term': 'Animals', 'AAT_URL': 'http://vocab.getty.edu/page/aat/300249525', 'Wikidata_URL': 'https://www.wikidata.org/wiki/Q729'}, {'term': 'Zodiac', 'AAT_URL': 'http://vocab.getty.edu/page/aat/300009937', 'Wikidata_URL': 'https://www.wikidata.org/wiki/Q40540'}, {'term': 'Dragons', 'AAT_URL': 'http://vocab.getty.edu/page/aat/300375726', 'Wikidata_URL': 'https://www.wikidata.org/wiki/Q7559'}, {'term': 'Roosters', 'AAT_URL': 'http://vocab.getty.edu/page/aat/300380127', 'Wikidata_URL': 'https://www.wikidata.org/wiki/Q2216236'}, {'term': 'Dogs', 'AAT_URL': 'http://vocab.getty.edu/page/aat/300265714', 'Wikidata_URL': 'https://www.wikidata.org/wiki/Q144'}, {'term': 'Ox', 'AAT_URL': 'http://vocab.getty.edu/page/aat/300250282', 'Wikidata_URL': 'https://www.wikidata.org/wiki/Q473194'}, {'term': 'Horses', 'AAT_URL': 'http://vocab.getty.edu/page/aat/300250148', 'Wikidata_URL': 'https://www.wikidata.org/wiki/Q726'}, {'term': 'Pigs', 'AAT_URL': 'http://vocab.getty.edu/page/aat/300250114', 'Wikidata_URL': 'https://www.wikidata.org/wiki/Q58697'}, {'term': 'Goats', 'AAT_URL': 'http://vocab.getty.edu/page/aat/300250122', 'Wikidata_URL': 'https://www.wikidata.org/wiki/Q2934'}, {'term': 'Rats', 'AAT_URL': 'http://vocab.getty.edu/page/aat/300250596', 'Wikidata_URL': 'https://www.wikidata.org/wiki/Q26018'}, {'term': 'Snakes', 'AAT_URL': 'http://vocab.getty.edu/page/aat/300250870', 'Wikidata_URL': 'https://www.wikidata.org/wiki/Q2102'}, {'term': 'Rabbits', 'AAT_URL': 'http://vocab.getty.edu/page/aat/300250218', 'Wikidata_URL': 'https://www.wikidata.org/wiki/Q9394'}, {'term': 'Monkeys', 'AAT_URL': 'http://vocab.getty.edu/page/aat/300250028', 'Wikidata_URL': 'https://www.wikidata.org/wiki/Q1367'}, {'term': 'Tigers', 'AAT_URL': 'http://vocab.getty.edu/page/aat/300249063', 'Wikidata_URL': 'https://www.wikidata.org/wiki/Q19939'}]",https://www.wikidata.org/wiki/Q116314015,False,207
253534,False,37.11.7,1937,False,,,[],,Greek and Roman Art,Scarab,Jasper scarab,Greek,Classical,,,,,,,,,,,,,,,,5th century BCE,-499,-400,"Jasper, green",H.: 11/16 in. (1.7 cm),"[{'elementName': 'Height', 'elementDescription': None, 'elementMeasurements': {'Height': 1.7}}]","Fletcher Fund, 1937",,,,,,,,,,,,Gems,,,2023-09-16T04:54:53.55Z,"Metropolitan Museum of Art, New York, NY",https://www.metmuseum.org/art/collection/search/253534,,https://www.wikidata.org/wiki/Q116404529,False,157
206321,False,1975.87,1975,True,https://images.metmuseum.org/CRDImages/es/original/DP-14793-001.jpg,https://images.metmuseum.org/CRDImages/es/web-large/DP-14793-001.jpg,"['https://images.metmuseum.org/CRDImages/es/original/DP-14793-002.jpg', 'https://images.metmuseum.org/CRDImages/es/original/SF1975_87_img1.jpg', 'https://images.metmuseum.org/CRDImages/es/original/SF1975_87_img2.jpg', 'https://images.metmuseum.org/CRDImages/es/original/SF1975_87_img3.jpg', 'https://images.metmuseum.org/CRDImages/es/original/ES7353.jpg', 'https://images.metmuseum.org/CRDImages/es/original/207411(2).jpg', 'https://images.metmuseum.org/CRDImages/es/original/204971.jpg', 'https://images.metmuseum.org/CRDImages/es/original/204973.jpg', 'https://images.metmuseum.org/CRDImages/es/original/204974.jpg', 'https://images.metmuseum.org/CRDImages/es/original/207397.jpg', 'https://images.metmuseum.org/CRDImages/es/original/207398.jpg', 'https://images.metmuseum.org/CRDImages/es/original/207400.jpg', 'https://images.metmuseum.org/CRDImages/es/original/207401.jpg', 'https://images.metmuseum.org/CRDImages/es/original/207402.jpg', 'https://images.metmuseum.org/CRDImages/es/original/207403.jpg', 'https://images.metmuseum.org/CRDImages/es/original/207404.jpg', 'https://images.metmuseum.org/CRDImages/es/original/207405.jpg', 'https://images.metmuseum.org/CRDImages/es/original/207406.jpg', 'https://images.metmuseum.org/CRDImages/es/original/207407.jpg', 'https://images.metmuseum.org/CRDImages/es/original/207409.jpg', 'https://images.metmuseum.org/CRDImages/es/original/207410.jpg', 'https://images.metmuseum.org/CRDImages/es/original/207412.jpg', 'https://images.metmuseum.org/CRDImages/es/original/207413.jpg', 'https://images.metmuseum.org/CRDImages/es/original/207414.jpg', 'https://images.metmuseum.org/CRDImages/es/original/207415.jpg', 'https://images.metmuseum.org/CRDImages/es/original/207416.jpg', 'https://images.metmuseum.org/CRDImages/es/original/207417.jpg', 'https://images.metmuseum.org/CRDImages/es/original/207418.jpg', 'https://images.metmuseum.org/CRDImages/es/original/207419.jpg', 'https://images.metmuseum.org/CRDImages/es/original/207420.jpg']","[{'constituentID': 35021, 'role': 'Maker', 'name': 'The Kremlin Armory Workshops, Moscow', 'constituentULAN_URL': '', 'constituentWikidata_URL': '', 'gender': ''}, {'constituentID': 107260, 'role': 'Artist', 'name': 'Russian Painter', 'constituentULAN_URL': '', 'constituentWikidata_URL': '', 'gender': ''}]",European Sculpture and Decorative Arts,Triptych,Triptych with the Mandylion,,,,,,Maker,,"The Kremlin Armory Workshops, Moscow",,,Kremlin Armory Workshops,,,,,,,1637,1637,1637,"Silver, partly gilt, niello, enamel, sapphires, rubies, spinels, pearls, leather, silk velvet, oil paint, gesso, linen, mica, pig-skin, woods: Tilia cordata (basswood or linden), white oak","Overall (open, confirmed): 27 × 35 3/4 × 5 in. (68.6 × 90.8 × 12.7 cm)","[{'elementName': 'Overall', 'elementDescription': 'open, confirmed', 'elementMeasurements': {'Depth': 12.700026, 'Height': 68.58014, 'Width': 90.80518}}]","Rogers Fund, 1975",,,,,,,,,,,,Metalwork-Silver In Combination,,,2023-02-07T04:46:51.34Z,"Metropolitan Museum of Art, New York, NY",https://www.metmuseum.org/art/collection/search/206321,"[{'term': 'Angels', 'AAT_URL': 'http://vocab.getty.edu/page/aat/300379004', 'Wikidata_URL': 'https://www.wikidata.org/wiki/Q235113'}, {'term': 'Christ', 'AAT_URL': 'http://vocab.getty.edu/page/ia/901000087', 'Wikidata_URL': 'https://www.wikidata.org/wiki/Q642420'}]",https://www.wikidata.org/wiki/Q116400470,False,303
248157,False,09.221.20a–n,1909,True,https://images.metmuseum.org/CRDImages/gr/original/DP20443.jpg,https://images.metmuseum.org/CRDImages/gr/web-large/DP20443.jpg,"['https://images.metmuseum.org/CRDImages/gr/original/DP20437.jpg', 'https://images.metmuseum.org/CRDImages/gr/original/DP20438.jpg', 'https://images.metmuseum.org/CRDImages/gr/original/DP20435.jpg', 'https://images.metmuseum.org/CRDImages/gr/original/DP20439.jpg', 'https://images.metmuseum.org/CRDImages/gr/original/DP20436.jpg', 'https://images.metmuseum.org/CRDImages/gr/original/DP20434.jpg', 'https://images.metmuseum.org/CRDImages/gr/original/DP20431.jpg', 'https://images.metmuseum.org/CRDImages/gr/original/DP20433.jpg', 'https://images.metmuseum.org/CRDImages/gr/original/DP20430.jpg', 'https://images.metmuseum.org/CRDImages/gr/original/DP20432.jpg', 'https://images.metmuseum.org/CRDImages/gr/original/DP20440.jpg', 'https://images.metmuseum.org/CRDImages/gr/original/DP20441.jpg', 'https://images.metmuseum.org/CRDImages/gr/original/DP20442.jpg']",,Greek and Roman Art,Model of a cart with farmyard group,Bronze model of a cart with farmyard group,Etruscan or Roman,Hellenistic or Early Imperial,,,,,,,,,,,,,,,,2nd century BCE–1st century CE,-199,99,Bronze,"Cart: L. 9 1/8 in. (23.2 cm)
         W. 3 in. (7.6 cm)
         D. of wheels 2 in. (5 cm)
09.221.20b: Ox, L. 3 3/4 in. (9.5 cm), H. 2 5/8 in. (6.6 cm)
09.221.20c: Ox, L. 4 1/4 in. (10.7 cm), H. 3 1/8 in. (7.9cm)
09.221.20d: Yoke, L. 5 3/8 in. (13.6 cm)
09.221.20e: Bull, L. 3 3/8 in. (8.5 cm), H. 3i in. (7.6 cm)
09.221.20f: Bull, L. 3 3/8 in. (8.5 cm), H. 2 1/8 in. (5.4 cm)
09.221.20g: Yoke, L. 5 1/2 in. (14 cm)
09.221.20h: Ram, L. 3 1/2 in. (8.9 cm), H. 2 7/8 in. (7.2 cm)
09.221.20i: Ewe, L. 3 3/8 in. (8.5 cm), H. 2 5/8 in. (6.6 cm)
09.221.20j: Goat, L. 3 1/4 in. (8.2 cm), H. 3 1/8 in. (7.9 cm)
09.221.20k: Kid, L. 2 5/8 in. (6.6 cm), H. 2 7/8 in. (7.2 cm)
09.221.20l: Sow, L. 3 5/8 in. (9.2 cm), H. 1 7/8 in. (4.7 cm)
09.221.20m: Pig, L. 3 3/8 in. (8.5 cm), H. 1 3/4 in. (4.4 cm)
09.221.20n: Plow, L. 8 5/8 in. (21.8 cm)",,"Rogers Fund, 1909",,,,,,,,,,,,Bronzes,,,2023-09-16T04:54:53.55Z,"Metropolitan Museum of Art, New York, NY",https://www.metmuseum.org/art/collection/search/248157,"[{'term': 'Bulls', 'AAT_URL': 'http://vocab.getty.edu/page/aat/300250117', 'Wikidata_URL': 'https://www.wikidata.org/wiki/Q693690'}, {'term': 'Goats', 'AAT_URL': 'http://vocab.getty.edu/page/aat/300250122', 'Wikidata_URL': 'https://www.wikidata.org/wiki/Q2934'}, {'term': 'Pigs', 'AAT_URL': 'http://vocab.getty.edu/page/aat/300250114', 'Wikidata_URL': 'https://www.wikidata.org/wiki/Q58697'}, {'term': 'Rams', 'AAT_URL': 'http://vocab.getty.edu/page/aat/300250287', 'Wikidata_URL': 'https://www.wikidata.org/wiki/Q2929800'}, {'term': 'Carts', 'AAT_URL': 'http://vocab.getty.edu/page/aat/300212695', 'Wikidata_URL': 'https://www.wikidata.org/wiki/Q234668'}]",https://www.wikidata.org/wiki/Q116293149,False,171
44412,False,1994.605.113,1994,True,https://images.metmuseum.org/CRDImages/as/original/DP-17989-051.jpg,https://images.metmuseum.org/CRDImages/as/web-large/DP-17989-051.jpg,['https://images.metmuseum.org/CRDImages/as/original/DP-17989-052.jpg'],,Asian Art,Figure,Pig in Recumbent Position,China,Eastern Han dynasty (25–220),,,,,,,,,,,,,,,,1st–2nd century,1,199,Dolomite,H. 1 3/16 in. (3 cm); L. 4 3/16 in. (10.6 cm),"[{'elementName': 'Overall', 'elementDescription': None, 'elementMeasurements': {'Depth': 10.6, 'Height': 3}}]","Charlotte C. and John C. Weber Collection, Gift of Charlotte C. and John C. Weber, 1994",,,,,,,,,,,,Sculpture,,,2023-02-07T04:46:51.34Z,"Metropolitan Museum of Art, New York, NY",https://www.metmuseum.org/art/collection/search/44412,"[{'term': 'Pigs', 'AAT_URL': 'http://vocab.getty.edu/page/aat/300250114', 'Wikidata_URL': 'https://www.wikidata.org/wiki/Q58697'}]",https://www.wikidata.org/wiki/Q116395937,False,207
44396,False,1994.605.96,1994,True,https://images.metmuseum.org/CRDImages/as/original/DP-17989-049.jpg,https://images.metmuseum.org/CRDImages/as/web-large/DP-17989-049.jpg,['https://images.metmuseum.org/CRDImages/as/original/DP-17989-050.jpg'],,Asian Art,Figure,Pig in Recumbent Position,China,Eastern Han dynasty (25–220),,,,,,,,,,,,,,,,1st–2nd century,1,199,Jade (nephrite),H. 1 1/8 in. (2.9 cm); L. 4 1/2 in. (11.4 cm),,"Charlotte C. and John C. Weber Collection, Gift of Charlotte C. and John C. Weber, 1994",,,,,,,,,,,,Jade,,,2023-02-07T04:46:51.34Z,"Metropolitan Museum of Art, New York, NY",https://www.metmuseum.org/art/collection/search/44396,"[{'term': 'Pigs', 'AAT_URL': 'http://vocab.getty.edu/page/aat/300250114', 'Wikidata_URL': 'https://www.wikidata.org/wiki/Q58697'}]",https://www.wikidata.org/wiki/Q116395928,False,207
11964,False,06.404,1906,False,,,[],"[{'constituentID': 162345, 'role': 'Artist', 'name': 'Frederick George Richard Roth', 'constituentULAN_URL': 'http://vocab.getty.edu/page/ulan/500022934', 'constituentWikidata_URL': 'https://www.wikidata.org/wiki/Q5498667', 'gender': ''}, {'constituentID': 43617, 'role': 'Founder', 'name': 'Cast by Roman Bronze Works', 'constituentULAN_URL': '', 'constituentWikidata_URL': '', 'gender': ''}]",The American Wing,Sculpture,Pig Tied to a Stake,American,,,,,Artist,,Frederick George Richard Roth,"American, Brooklyn, New York 1872–1944 Englewood, New Jersey",,"Roth, Frederick George Richard",American,1872,1944,,https://www.wikidata.org/wiki/Q5498667,http://vocab.getty.edu/page/ulan/500022934,"1903, cast ca. 1906",1903,1903,Bronze,3 1/2 x 7 x 2 3/4 in. (8.9 x 17.8 x 7 cm),"[{'elementName': 'Overall', 'elementDescription': None, 'elementMeasurements': {'Depth': 7, 'Height': 8.9, 'Width': 17.8}}]","Rogers Fund, 1906",,,,,,,,,,,,,,,2024-04-13T04:51:37.7Z,"Metropolitan Museum of Art, New York, NY",https://www.metmuseum.org/art/collection/search/11964,"[{'term': 'Pigs', 'AAT_URL': 'http://vocab.getty.edu/page/aat/300250114', 'Wikidata_URL': 'https://www.wikidata.org/wiki/Q58697'}]",https://www.wikidata.org/wiki/Q116378082,False,774
11963,False,06.405,1906,False,,,[],"[{'constituentID': 162345, 'role': 'Artist', 'name': 'Frederick George Richard Roth', 'constituentULAN_URL': 'http://vocab.getty.edu/page/ulan/500022934', 'constituentWikidata_URL': 'https://www.wikidata.org/wiki/Q5498667', 'gender': ''}, {'constituentID': 43617, 'role': 'Founder', 'name': 'Cast by Roman Bronze Works', 'constituentULAN_URL': '', 'constituentWikidata_URL': '', 'gender': ''}]",The American Wing,Sculpture,Pig Scratching,American,,,,,Artist,,Frederick George Richard Roth,"American, Brooklyn, New York 1872–1944 Englewood, New Jersey",,"Roth, Frederick George Richard",American,1872,1944,,https://www.wikidata.org/wiki/Q5498667,http://vocab.getty.edu/page/ulan/500022934,"1903, cast ca. 1906",1903,1903,Bronze,3 1/2 x 5 x 2 1/2 in. (8.9 x 12.7 x 6.4 cm),"[{'elementName': 'Overall', 'elementDescription': None, 'elementMeasurements': {'Depth': 6.4, 'Height': 8.9, 'Width': 12.7}}]","Rogers Fund, 1906",,,,,,,,,,,,,,,2024-04-13T04:51:37.7Z,"Metropolitan Museum of Art, New York, NY",https://www.metmuseum.org/art/collection/search/11963,"[{'term': 'Pigs', 'AAT_URL': 'http://vocab.getty.edu/page/aat/300250114', 'Wikidata_URL': 'https://www.wikidata.org/wiki/Q58697'}]",https://www.wikidata.org/wiki/Q116378084,False,774
555289,False,17.194.2446,1917,False,,,[],,Egyptian Art,"Amulet, animal",Pig amulet,,Late Period,Dynasty 26–30,,,,,,,,,,,,,,,664–332 B.C.,-664,-343,Faience,L. 2.9 cm (1 1/8 in.),"[{'elementName': 'Overall', 'elementDescription': None, 'elementMeasurements': {'Length': 2.9}}]","Gift of J. Pierpont Morgan, 1917",From,,,,Egypt,,,,,,,,,,2023-06-28T04:56:22.387Z,"Metropolitan Museum of Art, New York, NY",https://www.metmuseum.org/art/collection/search/555289,,https://www.wikidata.org/wiki/Q116429412,False,130
39060,False,1987.142.259,1987,True,https://images.metmuseum.org/CRDImages/as/original/DP100682.jpg,https://images.metmuseum.org/CRDImages/as/web-large/DP100682.jpg,[],,Asian Art,Figure,Standing Boar,"Indonesia, (Java)",Eastern Javanese period,,,,,,,,,,,,,,,,ca. 14th century,1250,1450,Bronze,W. 6 13/16 in. (17.3 cm),"[{'elementName': 'Overall', 'elementDescription': None, 'elementMeasurements': {'Width': 17.3}}]","Samuel Eilenberg Collection, Gift of Samuel Eilenberg, 1987",,,,,,,,,,,,Sculpture,,,2024-06-06T04:54:25.483Z,"Metropolitan Museum of Art, New York, NY",https://www.metmuseum.org/art/collection/search/39060,"[{'term': 'Boars', 'AAT_URL': 'http://vocab.getty.edu/page/aat/300250112', 'Wikidata_URL': 'https://www.wikidata.org/wiki/Q58697'}]",https://www.wikidata.org/wiki/Q83562153,True,247
255018,False,59.11.26,1959,True,https://images.metmuseum.org/CRDImages/gr/original/DP-31512-001.jpg,https://images.metmuseum.org/CRDImages/gr/web-large/DP-31512-001.jpg,"['https://images.metmuseum.org/CRDImages/gr/original/DP-31512-004.jpg', 'https://images.metmuseum.org/CRDImages/gr/original/DP-31512-003.jpg', 'https://images.metmuseum.org/CRDImages/gr/original/DP-31512-002.jpg']",,Greek and Roman Art,Statuette of a sheep or bull,Terracotta sheep or bull,"Helladic, Mycenaean",Late Helladic IIIA,,,,,,,,,,,,,,,,ca. 1400–1300 BCE,-1400,-1300,Terracotta,"H. 3 1/8 in. (8 cm)
length  4 7/8 in. (12.4 cm)","[{'elementName': 'Other', 'elementDescription': None, 'elementMeasurements': {'Length': 12.4}}, {'elementName': 'Overall', 'elementDescription': None, 'elementMeasurements': {'Height': 8}}]","Rogers Fund, 1959",,,,,,,,,,,,Terracottas,,,2024-05-14T16:36:46.953Z,"Metropolitan Museum of Art, New York, NY",https://www.metmuseum.org/art/collection/search/255018,,https://www.wikidata.org/wiki/Q116405470,False,151
823315,False,2020.64.140,2020,False,,,[],"[{'constituentID': 146786, 'role': 'Designer', 'name': 'Designed by Viktor Schreckengost', 'constituentULAN_URL': 'http://vocab.getty.edu/page/ulan/500055513', 'constituentWikidata_URL': 'https://www.wikidata.org/wiki/Q1628989', 'gender': ''}, {'constituentID': 207199, 'role': 'Manufacturer', 'name': 'American Limoges China Company', 'constituentULAN_URL': '', 'constituentWikidata_URL': '', 'gender': ''}]",The American Wing,Cup,"""Animal Kingdom"" coffee cup",American,,,,,Designer,Designed by,Viktor Schreckengost,"American, Sebring, Ohio 1906–2008 Cleveland, Ohio",,Schreckengost,American,1906,2008,,https://www.wikidata.org/wiki/Q1628989,http://vocab.getty.edu/page/ulan/500055513,ca. 1935–40,1930,1945,Earthenware,,,"Gift of Martin Eidelberg, 2020",Made in,Sebring,Ohio,,United States,Midwest,,,,,,,,,2023-02-07T04:46:51.34Z,"Metropolitan Museum of Art, New York, NY",https://www.metmuseum.org/art/collection/search/823315,"[{'term': 'Pigs', 'AAT_URL': 'http://vocab.getty.edu/page/aat/300250114', 'Wikidata_URL': 'https://www.wikidata.org/wiki/Q58697'}, {'term': 'Elephants', 'AAT_URL': 'http://vocab.getty.edu/page/aat/300250160', 'Wikidata_URL': 'https://www.wikidata.org/wiki/Q7378'}]",https://www.wikidata.org/wiki/Q116445313,False,774
472223,False,25.120.127,1925,True,https://images.metmuseum.org/CRDImages/cl/original/cdi25-120-127.jpg,https://images.metmuseum.org/CRDImages/cl/web-large/cdi25-120-127.jpg,[],,The Cloisters,Coat of arms,Coat of Arms,French,,,,,,,,,,,,,,,,,late 13th–early 14th century,1271,1335,Stone,Overall: 14 1/8 x 12 3/4 x 4 3/4 in. (35.9 x 32.4 x 12.1 cm),"[{'elementName': 'Overall', 'elementDescription': None, 'elementMeasurements': {'Depth': 12.065024, 'Height': 35.87757, 'Width': 32.385063}}]","The Cloisters Collection, 1925",Made in,,Languedoc,,France,,,,,,,Sculpture-Architectural,,,2023-02-07T04:46:51.34Z,"Metropolitan Museum of Art, New York, NY",https://www.metmuseum.org/art/collection/search/472223,"[{'term': 'Boars', 'AAT_URL': 'http://vocab.getty.edu/page/aat/300250112', 'Wikidata_URL': 'https://www.wikidata.org/wiki/Q58697'}]",https://www.wikidata.org/wiki/Q116245831,True,003
254820,False,55.11.6,1955,False,,,[],,Greek and Roman Art,Statuette of a woman shaping a loaf,Terracotta statuette of a woman shaping a loaf,"Greek, Boeotian",Archaic,,,,,,,,,,,,,,,,1st quarter of the 5th century BCE,-500,-475,Terracotta,Overall: 4 13/16 x 8 7/16in. (12.2 x 21.5cm),"[{'elementName': 'Overall', 'elementDescription': None, 'elementMeasurements': {'Depth': 21.49, 'Height': 12.2}}]","Rogers Fund, 1955",,,,,,,,,,,,Terracottas,,,2023-02-07T04:46:51.34Z,"Metropolitan Museum of Art, New York, NY",https://www.metmuseum.org/art/collection/search/254820,,https://www.wikidata.org/wiki/Q116405229,False,157
848032,False,2021.351,2021,True,https://images.metmuseum.org/CRDImages/es/original/DP-25120-044.jpg,https://images.metmuseum.org/CRDImages/es/web-large/DP-25120-044.jpg,"['https://images.metmuseum.org/CRDImages/es/original/DP-25120-045.jpg', 'https://images.metmuseum.org/CRDImages/es/original/DP-25120-048.jpg', 'https://images.metmuseum.org/CRDImages/es/original/DP-25120-049.jpg']","[{'constituentID': 165298, 'role': 'Artist', 'name': 'Composition by Constantin Meunier', 'constituentULAN_URL': 'http://vocab.getty.edu/page/ulan/500000662', 'constituentWikidata_URL': 'https://www.wikidata.org/wiki/Q552440', 'gender': ''}, {'constituentID': 163907, 'role': 'Maker', 'name': 'Executed by Pierre-Adrien Dalpayrat', 'constituentULAN_URL': 'http://vocab.getty.edu/page/ulan/500102727', 'constituentWikidata_URL': 'https://www.wikidata.org/wiki/Q787301', 'gender': ''}]",European Sculpture and Decorative Arts,Relief,Puddlers in Profile,,,,,,Artist,Composition by,Constantin Meunier,"Belgian, Etterbeek 1831–1905 Ixelles",,"Meunier, Constantin",Belgian,1831,1905,,https://www.wikidata.org/wiki/Q552440,http://vocab.getty.edu/page/ulan/500000662,ca. 1900,1895,1905,Stoneware,confirmed: 21 1/4 × 16 1/8 × 6 1/2 in. (54 × 41 × 16.5 cm),"[{'elementName': 'Overall', 'elementDescription': 'confirmed', 'elementMeasurements': {'Depth': 16.510033, 'Height': 53.97511, 'Width': 40.95758}}]","Gift of Jason Jacques, in honor of Jeffrey Munger, 2021",,,,,,,,,,,,Sculpture,,,2023-12-20T04:57:41.63Z,"Metropolitan Museum of Art, New York, NY",https://www.metmuseum.org/art/collection/search/848032,,,False,552
435902,False,07.149,1907,True,https://images.metmuseum.org/CRDImages/ep/original/DP214439.jpg,https://images.metmuseum.org/CRDImages/ep/web-large/DP214439.jpg,"['https://images.metmuseum.org/CRDImages/ep/original/LC-07_149-2.jpg', 'https://images.metmuseum.org/CRDImages/ep/original/LC-07_149-3.jpg']","[{'constituentID': 107504, 'role': 'Artist', 'name': 'Cima da Conegliano (Giovanni Battista Cima)', 'constituentULAN_URL': 'http://vocab.getty.edu/page/ulan/500012627', 'constituentWikidata_URL': 'https://www.wikidata.org/wiki/Q8453', 'gender': ''}]",European Paintings,Painting,"Three Saints: Roch, Anthony Abbot, and Lucy",,,,,,Artist,,Cima da Conegliano (Giovanni Battista Cima),"Italian, Conegliano ca. 1459–1517/18 Venice or Conegliano",,Cima da Conegliano (Giovanni Battista Cima),Italian,1459,1518,,https://www.wikidata.org/wiki/Q8453,http://vocab.getty.edu/page/ulan/500012627,ca. 1513,1508,1518,"Oil on canvas, transferred from wood",50 1/2 x 48 in. (128.3 x 121.9 cm),"[{'elementName': 'Overall', 'elementDescription': None, 'elementMeasurements': {'Height': 128.3, 'Width': 121.9}}]","Rogers Fund, 1907",,,,,,,,,,,,Paintings,,,2024-05-01T04:52:19.94Z,"Metropolitan Museum of Art, New York, NY",https://www.metmuseum.org/art/collection/search/435902,"[{'term': 'Pigs', 'AAT_URL': 'http://vocab.getty.edu/page/aat/300250114', 'Wikidata_URL': 'https://www.wikidata.org/wiki/Q58697'}, {'term': 'Saint Anthony', 'AAT_URL': 'http://vocab.getty.edu/page/ia/901001255', 'Wikidata_URL': 'https://www.wikidata.org/wiki/Q170547'}, {'term': 'Men', 'AAT_URL': 'http://vocab.getty.edu/page/aat/300025928', 'Wikidata_URL': 'https://www.wikidata.org/wiki/Q8441'}, {'term': 'Women', 'AAT_URL': 'http://vocab.getty.edu/page/aat/300025943', 'Wikidata_URL': 'https://www.wikidata.org/wiki/Q467'}, {'term': 'Saints', 'AAT_URL': 'http://vocab.getty.edu/page/aat/300150555', 'Wikidata_URL': 'https://www.wikidata.org/wiki/Q43115'}]",https://www.wikidata.org/wiki/Q3949369,False,606
42102,False,02.18.730a–l,1902,True,https://images.metmuseum.org/CRDImages/as/original/DT5058.jpg,https://images.metmuseum.org/CRDImages/as/web-large/DT5058.jpg,"['https://images.metmuseum.org/CRDImages/as/original/DP-18674-001.jpg', 'https://images.metmuseum.org/CRDImages/as/original/DP-18674-002.jpg', 'https://images.metmuseum.org/CRDImages/as/original/DP-18674-003.jpg', 'https://images.metmuseum.org/CRDImages/as/original/DP-18674-004.jpg', 'https://images.metmuseum.org/CRDImages/as/original/DP-18674-005.jpg', 'https://images.metmuseum.org/CRDImages/as/original/DP-18674-006.jpg', 'https://images.metmuseum.org/CRDImages/as/original/DP-18674-007.jpg', 'https://images.metmuseum.org/CRDImages/as/original/DP-18674-008.jpg', 'https://images.metmuseum.org/CRDImages/as/original/DP-18674-009.jpg', 'https://images.metmuseum.org/CRDImages/as/original/DP-18674-010.jpg', 'https://images.metmuseum.org/CRDImages/as/original/DP-18674-011.jpg', 'https://images.metmuseum.org/CRDImages/as/original/DP-18674-012.jpg', 'https://images.metmuseum.org/CRDImages/as/original/DP-18674-013.jpg', 'https://images.metmuseum.org/CRDImages/as/original/DP-18674-014.jpg', 'https://images.metmuseum.org/CRDImages/as/original/DP-18674-015.jpg', 'https://images.metmuseum.org/CRDImages/as/original/DP-18674-016.jpg', 'https://images.metmuseum.org/CRDImages/as/original/DP-18674-017.jpg', 'https://images.metmuseum.org/CRDImages/as/original/DP-18674-018.jpg', 'https://images.metmuseum.org/CRDImages/as/original/DP-18674-019.jpg', 'https://images.metmuseum.org/CRDImages/as/original/DP-18674-020.jpg', 'https://images.metmuseum.org/CRDImages/as/original/DP-18674-021.jpg', 'https://images.metmuseum.org/CRDImages/as/original/DP-18674-022.jpg', 'https://images.metmuseum.org/CRDImages/as/original/DP-18674-023.jpg', 'https://images.metmuseum.org/CRDImages/as/original/DP-18674-024.jpg', 'https://images.metmuseum.org/CRDImages/as/original/DP-18674-025.jpg', 'https://images.metmuseum.org/CRDImages/as/original/DP-18674-026.jpg', 'https://images.metmuseum.org/CRDImages/as/original/DP-18674-027.jpg', 'https://images.metmuseum.org/CRDImages/as/original/DP-18674-028.jpg', 'https://images.metmuseum.org/CRDImages/as/original/DP-18674-029.jpg', 'https://images.metmuseum.org/CRDImages/as/original/DP-18674-030.jpg', 'https://images.metmuseum.org/CRDImages/as/original/DP-18674-031.jpg', 'https://images.metmuseum.org/CRDImages/as/original/DP-18674-032.jpg', 'https://images.metmuseum.org/CRDImages/as/original/DP-18674-033.jpg', 'https://images.metmuseum.org/CRDImages/as/original/DP-18674-034.jpg', 'https://images.metmuseum.org/CRDImages/as/original/DP-18674-035.jpg', 'https://images.metmuseum.org/CRDImages/as/original/DP-18674-036.jpg', 'https://images.metmuseum.org/CRDImages/as/original/DP-18674-037.jpg']",,Asian Art,Zodiac symbols,Twelve animals of the Chinese zodiac,China,Qing dynasty (1644–1911),,,,,,,,,,,,,,,,18th–19th century,1700,1899,Jade (nephrite),Overall (each approx.): H. 2 1/4 in. (5.7 cm); W. 1 3/4 in. (4.4 cm),"[{'elementName': 'Overall', 'elementDescription': 'a, c,  i', 'elementMeasurements': {'Depth': 3.3338, 'Height': 5.5563, 'Width': 3.9688}}, {'elementName': 'Overall', 'elementDescription': 'k', 'elementMeasurements': {'Depth': 3.3338, 'Height': 5.9267, 'Width': 3.9688}}, {'elementName': 'Overall', 'elementDescription': 'g', 'elementMeasurements': {'Depth': 3.3338, 'Height': 5.715, 'Width': 4.1275}}, {'elementName': 'Overall', 'elementDescription': 'b', 'elementMeasurements': {'Depth': 3.3338, 'Height': 5.5563, 'Width': 4.1275}}, {'elementName': 'Overall', 'elementDescription': 'l', 'elementMeasurements': {'Height': 5.5563, 'Width': 4.1275}}, {'elementName': 'Overall', 'elementDescription': 'j', 'elementMeasurements': {'Depth': 3.0163, 'Height': 5.5563, 'Width': 3.9688}}, {'elementName': 'Overall', 'elementDescription': 'h', 'elementMeasurements': {'Depth': 3.3338, 'Height': 5.2388, 'Width': 4.1275}}, {'elementName': 'Overall', 'elementDescription': 'd, e, f', 'elementMeasurements': {'Depth': 3.3338, 'Height': 5.5563, 'Width': 4.445}}, {'elementName': 'Overall', 'elementDescription': 'each approx.', 'elementMeasurements': {'Height': 5.7150116, 'Width': 4.4450088}}]","Gift of Heber R. Bishop, 1902",,,,,,,,,,,,Jade,,,2024-04-17T04:52:44.243Z,"Metropolitan Museum of Art, New York, NY",https://www.metmuseum.org/art/collection/search/42102,"[{'term': 'Horses', 'AAT_URL': 'http://vocab.getty.edu/page/aat/300250148', 'Wikidata_URL': 'https://www.wikidata.org/wiki/Q726'}, {'term': 'Rats', 'AAT_URL': 'http://vocab.getty.edu/page/aat/300250596', 'Wikidata_URL': 'https://www.wikidata.org/wiki/Q26018'}, {'term': 'Tigers', 'AAT_URL': 'http://vocab.getty.edu/page/aat/300249063', 'Wikidata_URL': 'https://www.wikidata.org/wiki/Q19939'}, {'term': 'Monkeys', 'AAT_URL': 'http://vocab.getty.edu/page/aat/300250028', 'Wikidata_URL': 'https://www.wikidata.org/wiki/Q1367'}, {'term': 'Ox', 'AAT_URL': 'http://vocab.getty.edu/page/aat/300250282', 'Wikidata_URL': 'https://www.wikidata.org/wiki/Q473194'}, {'term': 'Dogs', 'AAT_URL': 'http://vocab.getty.edu/page/aat/300265714', 'Wikidata_URL': 'https://www.wikidata.org/wiki/Q144'}, {'term': 'Snakes', 'AAT_URL': 'http://vocab.getty.edu/page/aat/300250870', 'Wikidata_URL': 'https://www.wikidata.org/wiki/Q2102'}, {'term': 'Pigs', 'AAT_URL': 'http://vocab.getty.edu/page/aat/300250114', 'Wikidata_URL': 'https://www.wikidata.org/wiki/Q58697'}, {'term': 'Rabbits', 'AAT_URL': 'http://vocab.getty.edu/page/aat/300250218', 'Wikidata_URL': 'https://www.wikidata.org/wiki/Q9394'}, {'term': 'Roosters', 'AAT_URL': 'http://vocab.getty.edu/page/aat/300380127', 'Wikidata_URL': 'https://www.wikidata.org/wiki/Q2216236'}, {'term': 'Dragons', 'AAT_URL': 'http://vocab.getty.edu/page/aat/300375726', 'Wikidata_URL': 'https://www.wikidata.org/wiki/Q7559'}, {'term': 'Goats', 'AAT_URL': 'http://vocab.getty.edu/page/aat/300250122', 'Wikidata_URL': 'https://www.wikidata.org/wiki/Q2934'}, {'term': 'Animals', 'AAT_URL': 'http://vocab.getty.edu/page/aat/300249525', 'Wikidata_URL': 'https://www.wikidata.org/wiki/Q729'}, {'term': 'Zodiac', 'AAT_URL': 'http://vocab.getty.edu/page/aat/300009937', 'Wikidata_URL': 'https://www.wikidata.org/wiki/Q40540'}]",,True,207
210196,False,41.190.443,1941,True,https://images.metmuseum.org/CRDImages/es/original/LC-41_190_443.jpg,https://images.metmuseum.org/CRDImages/es/web-large/LC-41_190_443.jpg,['https://images.metmuseum.org/CRDImages/es/original/cdi41-190-443.jpg'],,European Sculpture and Decorative Arts,Roundel,The Prodigal Seeks Work (one of eight scenes from the story of the Prodigal Son),,,,,,,,,,,,,,,,,,"1532, possibly some 19th century",1532,1532,"Colorless glass, vitreous paint and silver stain",Diameter: 10 in. (25.4 cm),"[{'elementName': 'Diameter', 'elementDescription': None, 'elementMeasurements': {'Diameter': 25.400051}}]","Bequest of George Blumenthal, 1941",,,,,,,,,,,,Glass-Stained,,,2023-02-07T04:46:51.34Z,"Metropolitan Museum of Art, New York, NY",https://www.metmuseum.org/art/collection/search/210196,"[{'term': 'Castles', 'AAT_URL': 'http://vocab.getty.edu/page/aat/300006891', 'Wikidata_URL': 'https://www.wikidata.org/wiki/Q23413'}, {'term': 'Men', 'AAT_URL': 'http://vocab.getty.edu/page/aat/300025928', 'Wikidata_URL': 'https://www.wikidata.org/wiki/Q8441'}, {'term': 'Pigs', 'AAT_URL': 'http://vocab.getty.edu/page/aat/300250114', 'Wikidata_URL': 'https://www.wikidata.org/wiki/Q58697'}]",https://www.wikidata.org/wiki/Q116401121,False,010
2373,False,"46.140.749a, b",1946,True,https://images.metmuseum.org/CRDImages/ad/original/176956.jpg,https://images.metmuseum.org/CRDImages/ad/web-large/176956.jpg,[],"[{'constituentID': 1412, 'role': 'Maker', 'name': 'McKee and Brothers', 'constituentULAN_URL': '', 'constituentWikidata_URL': '', 'gender': ''}]",The American Wing,Dish,Figure Dish,American,,,,,Maker,,McKee and Brothers,1856–89,,McKee and Brothers,American,1856,1889,,,,1880–90,1880,1890,Pressed opaque white glass,3 3/4 x 4 1/4 x 5 1/2 in. (9.5 x 10.8 x 14 cm),"[{'elementName': 'Overall', 'elementDescription': None, 'elementMeasurements': {'Depth': 14, 'Height': 9.5, 'Width': 10.8}}]","Gift of Mrs. Emily Winthrop Miles, 1946",Made in,Pittsburgh,Pennsylvania,,United States,Mid-Atlantic,,,,,,,,,2023-02-07T04:46:51.34Z,"Metropolitan Museum of Art, New York, NY",https://www.metmuseum.org/art/collection/search/2373,"[{'term': 'Pigs', 'AAT_URL': 'http://vocab.getty.edu/page/aat/300250114', 'Wikidata_URL': 'https://www.wikidata.org/wiki/Q58697'}]",https://www.wikidata.org/wiki/Q116371480,False,774
460243,False,1975.1.1105,1975,True,https://images.metmuseum.org/CRDImages/rl/original/DT3537.jpg,https://images.metmuseum.org/CRDImages/rl/web-large/DT3537.jpg,[],"[{'constituentID': 135979, 'role': 'Artist', 'name': 'workshop of Maestro Giorgio Andreoli', 'constituentULAN_URL': 'http://vocab.getty.edu/page/ulan/500011429', 'constituentWikidata_URL': 'https://www.wikidata.org/wiki/Q1346997', 'gender': ''}]",Robert Lehman Collection,Plate,Plate (piatto): The Prodigal Son among the swine,,,,,,Artist,workshop of,Maestro Giorgio Andreoli,"Italian (Gubbio), active first half of 16th century",,"Andreoli, Giorgio Maestro",Italian,1500,1550,,https://www.wikidata.org/wiki/Q1346997,http://vocab.getty.edu/page/ulan/500011429,1525,1525,1525,Maiolica (tin-glazed earthenware),"Diameter: 11 1/8 in. (28.3 cm)
Mount: 3 in. × 5 9/16 in. × 11 5/8 in. (7.6 × 14.1 × 29.5 cm)","[{'elementName': 'Diameter', 'elementDescription': None, 'elementMeasurements': {'Diameter': 28.3}}, {'elementName': 'Mount', 'elementDescription': None, 'elementMeasurements': {'Depth': 7.620015, 'Height': 14.128778, 'Width': 29.52756}}]","Robert Lehman Collection, 1975",,,,,,,,,,,,Ceramics-Pottery,,,2023-02-07T04:46:51.34Z,"Metropolitan Museum of Art, New York, NY",https://www.metmuseum.org/art/collection/search/460243,"[{'term': 'Men', 'AAT_URL': 'http://vocab.getty.edu/page/aat/300025928', 'Wikidata_URL': 'https://www.wikidata.org/wiki/Q8441'}, {'term': 'Pigs', 'AAT_URL': 'http://vocab.getty.edu/page/aat/300250114', 'Wikidata_URL': 'https://www.wikidata.org/wiki/Q58697'}]",https://www.wikidata.org/wiki/Q116245551,False,950
472222,False,25.120.128,1925,True,https://images.metmuseum.org/CRDImages/cl/original/cdi25-120-128.jpg,https://images.metmuseum.org/CRDImages/cl/web-large/cdi25-120-128.jpg,[],,The Cloisters,Coat of arms,Coat of Arms,French,,,,,,,,,,,,,,,,,late 13th or early 14th century,1271,1335,Stone,Overall: 15 7/8 x 12 x 4 3/4 in. (40.3 x 30.5 x 12.1 cm),"[{'elementName': 'Overall', 'elementDescription': None, 'elementMeasurements': {'Depth': 12.065024, 'Height': 40.322582, 'Width': 30.4801}}]","The Cloisters Collection, 1925",,,,,,,,,,,,Sculpture-Architectural,,,2023-09-16T04:54:53.55Z,"Metropolitan Museum of Art, New York, NY",https://www.metmuseum.org/art/collection/search/472222,"[{'term': 'Pigs', 'AAT_URL': 'http://vocab.getty.edu/page/aat/300250114', 'Wikidata_URL': 'https://www.wikidata.org/wiki/Q58697'}, {'term': 'Coat of Arms', 'AAT_URL': 'http://vocab.getty.edu/page/aat/300126352', 'Wikidata_URL': 'https://www.wikidata.org/wiki/Q14659'}]",https://www.wikidata.org/wiki/Q116245830,False,003
545208,False,26.3.352,1926,True,https://images.metmuseum.org/CRDImages/eg/original/26.3.352_rp.jpg,https://images.metmuseum.org/CRDImages/eg/web-large/26.3.352_rp.jpg,"['https://images.metmuseum.org/CRDImages/eg/original/26.3.352_lp.jpg', 'https://images.metmuseum.org/CRDImages/eg/original/26.3.352_top.jpg']",,Egyptian Art,"Figurine, piglet",Piglet figurine,,Late Middle Kingdom,Dynasty 11–13,,,,,,,,,,,,,,,ca. 1700 B.C.,-1700,-1700,"Wood, paint",L. 4 × H. 2.5 × W. 1.3 cm (1 9/16 in. × 1 in. × 1/2 in.),"[{'elementName': 'Overall', 'elementDescription': None, 'elementMeasurements': {'Height': 2.5, 'Length': 4, 'Width': 1.3}}]","Rogers Fund, 1926",From,,,,Egypt,"Upper Egypt, Thebes",Deir el-Bahri,Tomb of Iuy (MMA 61),On surface near tomb,"MMA excavations, 1923–24",,,,,2023-09-16T04:54:53.55Z,"Metropolitan Museum of Art, New York, NY",https://www.metmuseum.org/art/collection/search/545208,"[{'term': 'Pigs', 'AAT_URL': 'http://vocab.getty.edu/page/aat/300250114', 'Wikidata_URL': 'https://www.wikidata.org/wiki/Q58697'}]",https://www.wikidata.org/wiki/Q116244871,False,109
437284,False,75.7.1,1875,True,https://images.metmuseum.org/CRDImages/ep/original/DP-24048-001.jpg,https://images.metmuseum.org/CRDImages/ep/web-large/DP-24048-001.jpg,[],"[{'constituentID': 162247, 'role': 'Artist', 'name': 'Piero di Cosimo (Piero di Lorenzo di Piero d&#39;Antonio)', 'constituentULAN_URL': 'http://vocab.getty.edu/page/ulan/500007508', 'constituentWikidata_URL': 'https://www.wikidata.org/wiki/Q280851', 'gender': ''}]",European Paintings,Painting,The Return from the Hunt,,,,,,Artist,,Piero di Cosimo (Piero di Lorenzo di Piero d'Antonio),"Italian, Florence 1462–1522 Florence",,Piero di Cosimo (Piero di Lorenzo di Piero d'Antonio),Italian,1462,1522,,https://www.wikidata.org/wiki/Q280851,http://vocab.getty.edu/page/ulan/500007508,ca. 1494–1500,1494,1500,Tempera and oil on wood,27 3/4 x 66 1/2 in. (70.5 x 168.9 cm),"[{'elementName': 'Glazing', 'elementDescription': None, 'elementMeasurements': {'Height': 71.913895, 'Width': 169.38658}}, {'elementName': 'Overall', 'elementDescription': None, 'elementMeasurements': {'Height': 70.5, 'Width': 168.9}}, {'elementName': 'Frame', 'elementDescription': None, 'elementMeasurements': {'Depth': 15.875031, 'Height': 106.680214, 'Width': 205.74042}}]","Gift of Robert Gordon, 1875",,,,,,,,,,,,Paintings,,,2023-11-15T21:02:33.593Z,"Metropolitan Museum of Art, New York, NY",https://www.metmuseum.org/art/collection/search/437284,"[{'term': 'Men', 'AAT_URL': 'http://vocab.getty.edu/page/aat/300025928', 'Wikidata_URL': 'https://www.wikidata.org/wiki/Q8441'}, {'term': 'Women', 'AAT_URL': 'http://vocab.getty.edu/page/aat/300025943', 'Wikidata_URL': 'https://www.wikidata.org/wiki/Q467'}, {'term': 'Female Nudes', 'AAT_URL': 'http://vocab.getty.edu/page/aat/300189568', 'Wikidata_URL': 'https://www.wikidata.org/wiki/Q40446'}, {'term': 'Centaurs', 'AAT_URL': 'http://vocab.getty.edu/page/aat/300379740', 'Wikidata_URL': 'https://www.wikidata.org/wiki/Q83203'}, {'term': 'Satyrs', 'AAT_URL': 'http://vocab.getty.edu/page/aat/300379732', 'Wikidata_URL': 'https://www.wikidata.org/wiki/Q163709'}, {'term': 'Pigs', 'AAT_URL': 'http://vocab.getty.edu/page/aat/300250114', 'Wikidata_URL': 'https://www.wikidata.org/wiki/Q58697'}, {'term': 'Boats', 'AAT_URL': 'http://vocab.getty.edu/page/aat/300178749', 'Wikidata_URL': 'https://www.wikidata.org/wiki/Q35872'}]",https://www.wikidata.org/wiki/Q3937360,False,613
471092,False,32.24.29,1932,True,https://images.metmuseum.org/CRDImages/cl/original/cdi32-24-29s1.jpg,https://images.metmuseum.org/CRDImages/cl/web-large/cdi32-24-29s1.jpg,['https://images.metmuseum.org/CRDImages/cl/original/cdi32-24-29.jpg'],,The Cloisters,Roundel,Roundel with Turkish Soldier holding an Arrow and Support,North Netherlandish,,,,,,,,,,,,,,,,,1520–30,1520,1530,"Colorless glass, vitreous paint and silver stain",Overall Diam.:  9 in. (22.9 cm),"[{'elementName': 'Overall', 'elementDescription': None, 'elementMeasurements': {'Diameter': 22.860046}}]","The Cloisters Collection, 1932",,,,,,,,,,,,Glass-Stained,,,2024-05-23T04:53:12.417Z,"Metropolitan Museum of Art, New York, NY",https://www.metmuseum.org/art/collection/search/471092,"[{'term': 'Men', 'AAT_URL': 'http://vocab.getty.edu/page/aat/300025928', 'Wikidata_URL': 'https://www.wikidata.org/wiki/Q8441'}, {'term': 'Soldiers', 'AAT_URL': 'http://vocab.getty.edu/page/aat/300185678', 'Wikidata_URL': 'https://www.wikidata.org/wiki/Q4991371'}, {'term': 'Arrows', 'AAT_URL': 'http://vocab.getty.edu/page/aat/300036976', 'Wikidata_URL': 'https://www.wikidata.org/wiki/Q45922'}, {'term': 'Pigs', 'AAT_URL': 'http://vocab.getty.edu/page/aat/300250114', 'Wikidata_URL': 'https://www.wikidata.org/wiki/Q58697'}]",https://www.wikidata.org/wiki/Q20201143,False,010
544320,True,12.184,1912,True,https://images.metmuseum.org/CRDImages/eg/original/DP322064.jpg,https://images.metmuseum.org/CRDImages/eg/web-large/DP322064.jpg,"['https://images.metmuseum.org/CRDImages/eg/original/DP322065.jpg', 'https://images.metmuseum.org/CRDImages/eg/original/DP322066.jpg', 'https://images.metmuseum.org/CRDImages/eg/original/DT527.jpg']",,Egyptian Art,"Stela, Mentuwoser",Stela of the Steward Mentuwoser,,Middle Kingdom,Dynasty 12,"reign of Senwosret I, year 17",,,,,,,,,,,,,,ca. 1944 B.C.,-1944,-1944,"Limestone, paint",H. 103 cm (40 9/16 in.); W. 50.5 cm (19 7/8 in.); Th. 8.3 cm (3 1/4 in.),"[{'elementName': 'Overall', 'elementDescription': None, 'elementMeasurements': {'Height': 103, 'Thickness': 8.3, 'Weight': 117.02803, 'Width': 50.5}}]","Gift of Edward S. Harkness, 1912",Probably from,,,,,Northern Upper Egypt,Abydos,,,,,,,,2023-09-16T04:54:53.55Z,"Metropolitan Museum of Art, New York, NY",https://www.metmuseum.org/art/collection/search/544320,"[{'term': 'Hieroglyphs', 'AAT_URL': 'http://vocab.getty.edu/page/aat/300028721', 'Wikidata_URL': 'https://www.wikidata.org/wiki/Q193762'}, {'term': 'Food', 'AAT_URL': 'http://vocab.getty.edu/page/aat/300254496', 'Wikidata_URL': 'https://www.wikidata.org/wiki/Q2095'}, {'term': 'Men', 'AAT_URL': 'http://vocab.getty.edu/page/aat/300025928', 'Wikidata_URL': 'https://www.wikidata.org/wiki/Q8441'}]",https://www.wikidata.org/wiki/Q29385782,True,110
436622,True,14.40.605,1914,True,https://images.metmuseum.org/CRDImages/ep/original/DP145901.jpg,https://images.metmuseum.org/CRDImages/ep/web-large/DP145901.jpg,[],"[{'constituentID': 161974, 'role': 'Artist', 'name': 'Frans Hals', 'constituentULAN_URL': 'http://vocab.getty.edu/page/ulan/500027794', 'constituentWikidata_URL': 'https://www.wikidata.org/wiki/Q167654', 'gender': ''}]",European Paintings,Painting,Merrymakers at Shrovetide,,,,,,Artist,,Frans Hals,"Dutch, Antwerp 1582/83–1666 Haarlem",,"Hals, Frans",Dutch,1582,1666,,https://www.wikidata.org/wiki/Q167654,http://vocab.getty.edu/page/ulan/500027794,ca. 1616–17,1616,1617,Oil on canvas,51 3/4 x 39 1/4 in. (131.4 x 99.7 cm),"[{'elementName': 'Other', 'elementDescription': 'Picture + Frame (F.14.40.605A)', 'elementMeasurements': {'Weight': 27.669418}}, {'elementName': 'Overall', 'elementDescription': None, 'elementMeasurements': {'Height': 131.4, 'Width': 99.7}}]","Bequest of Benjamin Altman, 1913",,,,,,,,,,,,Paintings,,,2024-03-29T10:36:46.263Z,"Metropolitan Museum of Art, New York, NY",https://www.metmuseum.org/art/collection/search/436622,"[{'term': 'Food', 'AAT_URL': 'http://vocab.getty.edu/page/aat/300254496', 'Wikidata_URL': 'https://www.wikidata.org/wiki/Q2095'}, {'term': 'Bread', 'AAT_URL': 'http://vocab.getty.edu/page/aat/300262820', 'Wikidata_URL': 'https://www.wikidata.org/wiki/Q7802'}, {'term': 'Happiness', 'AAT_URL': 'http://vocab.getty.edu/page/aat/300410323', 'Wikidata_URL': 'https://www.wikidata.org/wiki/Q8'}, {'term': 'Men', 'AAT_URL': 'http://vocab.getty.edu/page/aat/300025928', 'Wikidata_URL': 'https://www.wikidata.org/wiki/Q8441'}, {'term': 'Women', 'AAT_URL': 'http://vocab.getty.edu/page/aat/300025943', 'Wikidata_URL': 'https://www.wikidata.org/wiki/Q467'}, {'term': 'Party', 'AAT_URL': 'http://vocab.getty.edu/page/aat/300069614', 'Wikidata_URL': 'https://www.wikidata.org/wiki/Q200538'}, {'term': 'Bagpipes', 'AAT_URL': 'http://vocab.getty.edu/page/aat/300042405', 'Wikidata_URL': 'https://www.wikidata.org/wiki/Q8347'}, {'term': 'Eggs', 'AAT_URL': 'http://vocab.getty.edu/page/aat/300395680', 'Wikidata_URL': 'https://www.wikidata.org/wiki/Q93189'}]",https://www.wikidata.org/wiki/Q12088934,True,637
838972,False,58.60.7,1958,True,https://images.metmuseum.org/CRDImages/es/original/166008.jpg,https://images.metmuseum.org/CRDImages/es/web-large/166008.jpg,"['https://images.metmuseum.org/CRDImages/es/original/166010.jpg', 'https://images.metmuseum.org/CRDImages/es/original/166025.jpg', 'https://images.metmuseum.org/CRDImages/es/original/166009.jpg', 'https://images.metmuseum.org/CRDImages/es/original/166011.jpg', 'https://images.metmuseum.org/CRDImages/es/original/166013.jpg', 'https://images.metmuseum.org/CRDImages/es/original/166012.jpg']","[{'constituentID': 37001, 'role': 'Maker', 'name': 'François II Lacassaigne', 'constituentULAN_URL': '', 'constituentWikidata_URL': '', 'gender': ''}, {'constituentID': 48927, 'role': 'Maker', 'name': 'Toulouse Mint', 'constituentULAN_URL': '', 'constituentWikidata_URL': '', 'gender': ''}]",European Sculpture and Decorative Arts,Candlestick,Candlestick (one of a pair),,,,,,Maker,,François II Lacassaigne,"born 1706, master 1733, recorded 1773",,Lacassaigne François II,,1706,1803,,,,third quarter 18th century,1750,1775,Silver,Height (.7): 9 11/16 in. (24.6 cm),"[{'elementName': 'Height', 'elementDescription': '.7', 'elementMeasurements': {'Height': 24.606298}}]","Bequest of Ella Morris de Peyster, 1957",,,,,,,,,,,,Metalwork-Silver,,,2023-02-07T04:46:51.34Z,"Metropolitan Museum of Art, New York, NY",https://www.metmuseum.org/art/collection/search/838972,,https://www.wikidata.org/wiki/Q116240753,False,528
839285,False,2020.64.151,2020,False,,,[],"[{'constituentID': 146786, 'role': 'Designer', 'name': 'Designed by Viktor Schreckengost', 'constituentULAN_URL': 'http://vocab.getty.edu/page/ulan/500055513', 'constituentWikidata_URL': 'https://www.wikidata.org/wiki/Q1628989', 'gender': ''}, {'constituentID': 207199, 'role': 'Manufacturer', 'name': 'American Limoges China Company', 'constituentULAN_URL': '', 'constituentWikidata_URL': '', 'gender': ''}]",The American Wing,Pitcher,"""Animal Kingdom"" cream pitcher",American,,,,,Designer,Designed by,Viktor Schreckengost,"American, Sebring, Ohio 1906–2008 Cleveland, Ohio",,Schreckengost,American,1906,2008,,https://www.wikidata.org/wiki/Q1628989,http://vocab.getty.edu/page/ulan/500055513,ca. 1935–40,1930,1945,Earthenware,,,"Gift of Martin Eidelberg, 2020",Made in,Sebring,Ohio,,United States,Midwest,,,,,,,,,2023-02-07T04:46:51.34Z,"Metropolitan Museum of Art, New York, NY",https://www.metmuseum.org/art/collection/search/839285,"[{'term': 'Donkeys', 'AAT_URL': 'http://vocab.getty.edu/page/aat/300265959', 'Wikidata_URL': 'https://www.wikidata.org/wiki/Q3537778'}]",https://www.wikidata.org/wiki/Q116445479,False,774
839286,False,2020.64.152,2020,False,,,[],"[{'constituentID': 146786, 'role': 'Designer', 'name': 'Designed by Viktor Schreckengost', 'constituentULAN_URL': 'http://vocab.getty.edu/page/ulan/500055513', 'constituentWikidata_URL': 'https://www.wikidata.org/wiki/Q1628989', 'gender': ''}, {'constituentID': 207199, 'role': 'Manufacturer', 'name': 'American Limoges China Company', 'constituentULAN_URL': '', 'constituentWikidata_URL': '', 'gender': ''}]",The American Wing,Bowl,"""Animal Kingdom"" sugar bowl",American,,,,,Designer,Designed by,Viktor Schreckengost,"American, Sebring, Ohio 1906–2008 Cleveland, Ohio",,Schreckengost,American,1906,2008,,https://www.wikidata.org/wiki/Q1628989,http://vocab.getty.edu/page/ulan/500055513,ca. 1935–40,1930,1945,Earthenware,,,"Gift of Martin Eidelberg, 2020",Made in,Sebring,Ohio,,United States,Midwest,,,,,,,,,2023-02-07T04:46:51.34Z,"Metropolitan Museum of Art, New York, NY",https://www.metmuseum.org/art/collection/search/839286,"[{'term': 'Squirrels', 'AAT_URL': 'http://vocab.getty.edu/page/aat/300250601', 'Wikidata_URL': 'https://www.wikidata.org/wiki/Q1302028'}]",https://www.wikidata.org/wiki/Q116445481,False,774
823322,False,2020.64.146,2020,False,,,[],"[{'constituentID': 146786, 'role': 'Designer', 'name': 'Viktor Schreckengost', 'constituentULAN_URL': 'http://vocab.getty.edu/page/ulan/500055513', 'constituentWikidata_URL': 'https://www.wikidata.org/wiki/Q1628989', 'gender': ''}, {'constituentID': 207199, 'role': 'Manufacturer', 'name': 'American Limoges China Company', 'constituentULAN_URL': '', 'constituentWikidata_URL': '', 'gender': ''}]",The American Wing,Plate,"""Animal Kingdom"" cake plate",American,,,,,Designer,,Viktor Schreckengost,"American, Sebring, Ohio 1906–2008 Cleveland, Ohio",,Schreckengost,American,1906,2008,,https://www.wikidata.org/wiki/Q1628989,http://vocab.getty.edu/page/ulan/500055513,ca. 1935–40,1930,1945,Earthenware,Dia. 8 1/2 in.,,"Gift of Martin Eidelberg, 2020",Made in,Sebring,Ohio,,United States,Midwest,,,,,,,,,2023-02-07T04:46:51.34Z,"Metropolitan Museum of Art, New York, NY",https://www.metmuseum.org/art/collection/search/823322,"[{'term': 'Elephants', 'AAT_URL': 'http://vocab.getty.edu/page/aat/300250160', 'Wikidata_URL': 'https://www.wikidata.org/wiki/Q7378'}]",https://www.wikidata.org/wiki/Q116445315,False,774
823321,False,2020.64.145,2020,False,,,[],"[{'constituentID': 146786, 'role': 'Designer', 'name': 'Designed by Viktor Schreckengost', 'constituentULAN_URL': 'http://vocab.getty.edu/page/ulan/500055513', 'constituentWikidata_URL': 'https://www.wikidata.org/wiki/Q1628989', 'gender': ''}, {'constituentID': 207199, 'role': 'Manufacturer', 'name': 'American Limoges China Company', 'constituentULAN_URL': '', 'constituentWikidata_URL': '', 'gender': ''}]",The American Wing,Plate,"""Animal Kingdom"" cake plate",American,,,,,Designer,Designed by,Viktor Schreckengost,"American, Sebring, Ohio 1906–2008 Cleveland, Ohio",,Schreckengost,American,1906,2008,,https://www.wikidata.org/wiki/Q1628989,http://vocab.getty.edu/page/ulan/500055513,ca. 1935–40,1930,1945,Earthenware,Dia. 8 1/2 in.,,"Gift of Martin Eidelberg, 2020",Made in,Sebring,Ohio,,United States,Midwest,,,,,,,,,2023-02-07T04:46:51.34Z,"Metropolitan Museum of Art, New York, NY",https://www.metmuseum.org/art/collection/search/823321,"[{'term': 'Fish', 'AAT_URL': 'http://vocab.getty.edu/page/aat/300266085', 'Wikidata_URL': 'https://www.wikidata.org/wiki/Q152'}]",https://www.wikidata.org/wiki/Q116445314,False,774
436099,False,49.7.20a–c,1949,True,https://images.metmuseum.org/CRDImages/ep/original/DT1476.jpg,https://images.metmuseum.org/CRDImages/ep/web-large/DT1476.jpg,['https://images.metmuseum.org/CRDImages/ep/original/LC-49_7_20a_c-XRAY_det.jpg'],"[{'constituentID': 161810, 'role': 'Artist', 'name': 'Gerard David', 'constituentULAN_URL': 'http://vocab.getty.edu/page/ulan/500025998', 'constituentWikidata_URL': 'https://www.wikidata.org/wiki/Q333380', 'gender': ''}]",European Paintings,Painting,The Nativity with Donors and Saints Jerome and Leonard,,,,,,Artist,,Gerard David,"Netherlandish, Oudewater ca. 1455–1523 Bruges",,"David, Gerard",Netherlandish,1455,1523,,https://www.wikidata.org/wiki/Q333380,http://vocab.getty.edu/page/ulan/500025998,ca. 1510–15,1510,1515,"Oil on canvas, transferred from wood",Central panel 35 1/2 x 28 in. (90.2 x 71.1 cm); each wing 35 1/2 x 12 3/8 in. (90.2 x 31.4 cm),"[{'elementName': 'Overall', 'elementDescription': None, 'elementMeasurements': {'Height': 90.2, 'Width': 71.1}}]","The Jules Bache Collection, 1949",,,,,,,,,,,,Paintings,,,2024-06-26T04:53:43.433Z,"Metropolitan Museum of Art, New York, NY",https://www.metmuseum.org/art/collection/search/436099,"[{'term': 'Angels', 'AAT_URL': 'http://vocab.getty.edu/page/aat/300379004', 'Wikidata_URL': 'https://www.wikidata.org/wiki/Q235113'}, {'term': 'Virgin Mary', 'AAT_URL': 'http://vocab.getty.edu/page/ia/901000032', 'Wikidata_URL': 'https://www.wikidata.org/wiki/Q345'}, {'term': 'Cows', 'AAT_URL': 'http://vocab.getty.edu/page/aat/300250120', 'Wikidata_URL': 'https://www.wikidata.org/wiki/Q830'}, {'term': 'Donkeys', 'AAT_URL': 'http://vocab.getty.edu/page/aat/300265959', 'Wikidata_URL': 'https://www.wikidata.org/wiki/Q3537778'}, {'term': 'Lions', 'AAT_URL': 'http://vocab.getty.edu/page/aat/300310388', 'Wikidata_URL': 'https://www.wikidata.org/wiki/Q140'}, {'term': 'Saint Jerome', 'AAT_URL': 'http://vocab.getty.edu/page/ulan/500060933', 'Wikidata_URL': 'https://www.wikidata.org/wiki/Q44248'}, {'term': 'Saint Leonard', 'AAT_URL': None, 'Wikidata_URL': 'https://www.wikidata.org/wiki/Q558148'}, {'term': 'Nativity', 'AAT_URL': 'http://vocab.getty.edu/page/ia/901000124', 'Wikidata_URL': 'https://www.wikidata.org/wiki/Q51628'}]",https://www.wikidata.org/wiki/Q19911559,True,636
436516,True,1995.7,1995,True,https://images.metmuseum.org/CRDImages/ep/original/DP164870.jpg,https://images.metmuseum.org/CRDImages/ep/web-large/DP164870.jpg,"['https://images.metmuseum.org/CRDImages/ep/original/DP164871.jpg', 'https://images.metmuseum.org/CRDImages/ep/original/LC-1995_7-2.jpg', 'https://images.metmuseum.org/CRDImages/ep/original/LC-1995_7-3.jpg']","[{'constituentID': 108514, 'role': 'Artist', 'name': 'Giovanni di ser Giovanni Guidi (called Scheggia)', 'constituentULAN_URL': 'http://vocab.getty.edu/page/ulan/500022041', 'constituentWikidata_URL': 'https://www.wikidata.org/wiki/Q2738832', 'gender': ''}]",European Paintings,"Painting, birth tray",The Triumph of Fame; (reverse) Impresa of the Medici Family and Arms of the Medici and Tornabuoni Families,,,,,,Artist,,Giovanni di ser Giovanni Guidi (called Scheggia),"Italian, San Giovanni Valdarno 1406–1486 Florence",,Giovanni di ser Giovanni Guidi (called Scheggia),Italian,1406,1486,,https://www.wikidata.org/wiki/Q2738832,http://vocab.getty.edu/page/ulan/500022041,ca. 1449,1444,1454,"Tempera, silver, and gold on wood","Overall, with engaged frame, diameter 36 1/2 in. (92.7 cm); recto, painted surface, diameter 24 5/8 in. (62.5 cm); verso, painted surface, diameter 29 5/8 in. (75.2 cm)","[{'elementName': 'Overall', 'elementDescription': None, 'elementMeasurements': {'Height': 92.7, 'Width': 92.7}}]","Purchase in memory of Sir John Pope-Hennessy: Rogers Fund, The Annenberg Foundation, Drue Heinz Foundation, Annette de la Renta, Mr. and Mrs. Frank E. Richardson, and The Vincent Astor Foundation Gifts, Wrightsman and Gwynne Andrews Funds, special funds, and Gift of the children of Mrs. Harry Payne Whitney, Gift of Mr. and Mrs. Joshua Logan, and other gifts and bequests, by exchange, 1995",,,,,,,,,,,,Paintings,,,2024-04-26T04:52:10.83Z,"Metropolitan Museum of Art, New York, NY",https://www.metmuseum.org/art/collection/search/436516,"[{'term': 'Armor', 'AAT_URL': 'http://vocab.getty.edu/page/aat/300226591', 'Wikidata_URL': 'https://www.wikidata.org/wiki/Q20793164'}, {'term': 'Men', 'AAT_URL': 'http://vocab.getty.edu/page/aat/300025928', 'Wikidata_URL': 'https://www.wikidata.org/wiki/Q8441'}, {'term': 'Dogs', 'AAT_URL': 'http://vocab.getty.edu/page/aat/300265714', 'Wikidata_URL': 'https://www.wikidata.org/wiki/Q144'}, {'term': 'Animals', 'AAT_URL': 'http://vocab.getty.edu/page/aat/300249525', 'Wikidata_URL': 'https://www.wikidata.org/wiki/Q729'}, {'term': 'Horses', 'AAT_URL': 'http://vocab.getty.edu/page/aat/300250148', 'Wikidata_URL': 'https://www.wikidata.org/wiki/Q726'}]",https://www.wikidata.org/wiki/Q3998939,True,604
